turn-receiving,targeting,termination
0.43000000000000005,0.0,0.0
0.45000000000000007,0.0,0.0
0.6699999999999999,0.0,0.0
