{
  "generated_at": "2026-03-23_00-55-56",
  "boxplot_metrics": {
    "utterances_per_file": {
      "count": 4618,
      "min": 0,
      "q1": 183.0,
      "median": 271.0,
      "q3": 385.0,
      "p90": 528.3000000000002,
      "max": 2104,
      "mean": 303.3765699436986,
      "std": 192.30414893121838
    },
    "words_per_file": {
      "count": 4618,
      "min": 0,
      "q1": 14661.5,
      "median": 20139.0,
      "q3": 26981.0,
      "p90": 35743.40000000001,
      "max": 105669,
      "mean": 21906.160892161108,
      "std": 11447.311779777168
    },
    "avg_words_per_utterance": {
      "count": 4618,
      "min": 0,
      "q1": 63.266413783323884,
      "median": 74.76407100169476,
      "q3": 90.98137560637561,
      "p90": 115.90064516129033,
      "max": 938.8571428571429,
      "mean": 83.42818859145261,
      "std": 42.565905158876106
    },
    "unique_speakers_per_file": {
      "count": 4618,
      "min": 0,
      "q1": 34.0,
      "median": 45.0,
      "q3": 56.0,
      "p90": 68.0,
      "max": 260,
      "mean": 45.92399307059333,
      "std": 20.0787660840864
    },
    "alternation_rate": {
      "count": 4618,
      "min": 0.0,
      "q1": 0.9583333333333334,
      "median": 0.9832635983263598,
      "q3": 0.9916666666666667,
      "p90": 0.9950161908661184,
      "max": 0.9986504723346828,
      "mean": 0.95477156685624,
      "std": 0.10885676619642166
    },
    "avg_block_length": {
      "count": 1362203,
      "min": 1,
      "q1": 1.0,
      "median": 1,
      "q3": 1.0,
      "p90": 1.0,
      "max": 99,
      "mean": 1.0284759320013244,
      "std": 0.3718996574505889
    },
    "same_speaker_follow_rate": {
      "count": 4618,
      "min": 0,
      "q1": 0.0044444444444444444,
      "median": 0.011494252873563218,
      "q3": 0.0345515407190022,
      "p90": 0.07142857142857142,
      "max": 0.9230769230769231,
      "mean": 0.03036441252110831,
      "std": 0.059817280921801594
    },
    "top1_dominance": {
      "count": 4618,
      "min": 0,
      "q1": 0.22013412742105,
      "median": 0.2722579699718903,
      "q3": 0.33091226997127965,
      "p90": 0.4023009599096557,
      "max": 1.0,
      "mean": 0.2857394506060834,
      "std": 0.11996877828310606
    },
    "top3_dominance": {
      "count": 4618,
      "min": 0,
      "q1": 0.438135593220339,
      "median": 0.5116279069767442,
      "q3": 0.5576357674636476,
      "p90": 0.6083708907741252,
      "max": 1.0,
      "mean": 0.5004189787278776,
      "std": 0.1235922362378762
    },
    "top1_party_dominance": {
      "count": 4618,
      "min": 0,
      "q1": 0.40632603406326034,
      "median": 0.4890335807220084,
      "q3": 0.5723690661287838,
      "p90": 0.6525194686211635,
      "max": 1.0,
      "mean": 0.5017053546355487,
      "std": 0.13760782092542984
    },
    "top3_party_dominance": {
      "count": 4618,
      "min": 0,
      "q1": 0.743801652892562,
      "median": 0.8055555555555556,
      "q3": 0.8562196695559483,
      "p90": 0.9056205184776615,
      "max": 1.0,
      "mean": 0.8024472910070864,
      "std": 0.08492656609311869
    },
    "top1_party_dominance_without_president": {
      "count": 4618,
      "min": 0,
      "q1": 0.27018853530950304,
      "median": 0.32640687967760507,
      "q3": 0.3972948664729487,
      "p90": 0.478636476529514,
      "max": 1.0,
      "mean": 0.346713849342542,
      "std": 0.12963343940852448
    },
    "top3_party_dominance_without_president": {
      "count": 4618,
      "min": 0,
      "q1": 0.6571428571428571,
      "median": 0.7288135593220338,
      "q3": 0.7938734555756669,
      "p90": 0.8564990623534927,
      "max": 1.0,
      "mean": 0.7213353199915532,
      "std": 0.1305167070528751
    }
  }
}