turn-receiving,targeting,termination
0.29000000000000004,0.0,0.0
0.22999999999999998,0.0,0.0
0.52,0.0,0.0
